shot,seed,method,display_name,true_class,pred_class,count,row_normalized
16,42,baseline_cnn,CNN Baseline,vehicle,vehicle,21.0,0.003357314148681055
16,42,baseline_cnn,CNN Baseline,vehicle,bridge,5616.0,0.897841726618705
16,42,baseline_cnn,CNN Baseline,vehicle,harbor,0.0,0.0
16,42,baseline_cnn,CNN Baseline,vehicle,storagetank,618.0,0.09880095923261391
16,42,baseline_cnn,CNN Baseline,bridge,vehicle,5.0,0.006067961165048544
16,42,baseline_cnn,CNN Baseline,bridge,bridge,796.0,0.9660194174757282
16,42,baseline_cnn,CNN Baseline,bridge,harbor,0.0,0.0
16,42,baseline_cnn,CNN Baseline,bridge,storagetank,23.0,0.027912621359223302
16,42,baseline_cnn,CNN Baseline,harbor,vehicle,0.0,0.0
16,42,baseline_cnn,CNN Baseline,harbor,bridge,1186.0,0.9850498338870431
16,42,baseline_cnn,CNN Baseline,harbor,harbor,0.0,0.0
16,42,baseline_cnn,CNN Baseline,harbor,storagetank,18.0,0.014950166112956811
16,42,baseline_cnn,CNN Baseline,storagetank,vehicle,36.0,0.0076384468491406746
16,42,baseline_cnn,CNN Baseline,storagetank,bridge,1976.0,0.4192658603861659
16,42,baseline_cnn,CNN Baseline,storagetank,harbor,0.0,0.0
16,42,baseline_cnn,CNN Baseline,storagetank,storagetank,2701.0,0.5730956927646934
16,42,hybrid_control,Classical Control,vehicle,vehicle,2310.0,0.36930455635491605
16,42,hybrid_control,Classical Control,vehicle,bridge,2324.0,0.3715427657873701
16,42,hybrid_control,Classical Control,vehicle,harbor,7.0,0.0011191047162270183
16,42,hybrid_control,Classical Control,vehicle,storagetank,1614.0,0.2580335731414868
16,42,hybrid_control,Classical Control,bridge,vehicle,316.0,0.38349514563106796
16,42,hybrid_control,Classical Control,bridge,bridge,377.0,0.4575242718446602
16,42,hybrid_control,Classical Control,bridge,harbor,61.0,0.07402912621359223
16,42,hybrid_control,Classical Control,bridge,storagetank,70.0,0.08495145631067962
16,42,hybrid_control,Classical Control,harbor,vehicle,37.0,0.030730897009966777
16,42,hybrid_control,Classical Control,harbor,bridge,293.0,0.24335548172757476
16,42,hybrid_control,Classical Control,harbor,harbor,839.0,0.696843853820598
16,42,hybrid_control,Classical Control,harbor,storagetank,35.0,0.029069767441860465
16,42,hybrid_control,Classical Control,storagetank,vehicle,812.0,0.17228941226395078
16,42,hybrid_control,Classical Control,storagetank,bridge,105.0,0.022278803309993635
16,42,hybrid_control,Classical Control,storagetank,harbor,5.0,0.0010608953957139827
16,42,hybrid_control,Classical Control,storagetank,storagetank,3791.0,0.8043708890303416
16,42,hybrid_no_entanglement,QNN No-Ent,vehicle,vehicle,132.0,0.021103117505995205
16,42,hybrid_no_entanglement,QNN No-Ent,vehicle,bridge,5924.0,0.9470823341326938
16,42,hybrid_no_entanglement,QNN No-Ent,vehicle,harbor,0.0,0.0
16,42,hybrid_no_entanglement,QNN No-Ent,vehicle,storagetank,199.0,0.03181454836131095
16,42,hybrid_no_entanglement,QNN No-Ent,bridge,vehicle,8.0,0.009708737864077669
16,42,hybrid_no_entanglement,QNN No-Ent,bridge,bridge,815.0,0.9890776699029126
16,42,hybrid_no_entanglement,QNN No-Ent,bridge,harbor,0.0,0.0
16,42,hybrid_no_entanglement,QNN No-Ent,bridge,storagetank,1.0,0.0012135922330097086
16,42,hybrid_no_entanglement,QNN No-Ent,harbor,vehicle,0.0,0.0
16,42,hybrid_no_entanglement,QNN No-Ent,harbor,bridge,1204.0,1.0
16,42,hybrid_no_entanglement,QNN No-Ent,harbor,harbor,0.0,0.0
16,42,hybrid_no_entanglement,QNN No-Ent,harbor,storagetank,0.0,0.0
16,42,hybrid_no_entanglement,QNN No-Ent,storagetank,vehicle,573.0,0.1215786123488224
16,42,hybrid_no_entanglement,QNN No-Ent,storagetank,bridge,2748.0,0.5830681094844048
16,42,hybrid_no_entanglement,QNN No-Ent,storagetank,harbor,0.0,0.0
16,42,hybrid_no_entanglement,QNN No-Ent,storagetank,storagetank,1392.0,0.29535327816677276
16,42,hybrid_zz_real_amplitudes,QNN ZZ+RealAmp,vehicle,vehicle,2327.0,0.37202238209432453
16,42,hybrid_zz_real_amplitudes,QNN ZZ+RealAmp,vehicle,bridge,2824.0,0.4514788169464428
16,42,hybrid_zz_real_amplitudes,QNN ZZ+RealAmp,vehicle,harbor,0.0,0.0
16,42,hybrid_zz_real_amplitudes,QNN ZZ+RealAmp,vehicle,storagetank,1104.0,0.17649880095923262
16,42,hybrid_zz_real_amplitudes,QNN ZZ+RealAmp,bridge,vehicle,335.0,0.4065533980582524
16,42,hybrid_zz_real_amplitudes,QNN ZZ+RealAmp,bridge,bridge,414.0,0.5024271844660194
16,42,hybrid_zz_real_amplitudes,QNN ZZ+RealAmp,bridge,harbor,0.0,0.0
16,42,hybrid_zz_real_amplitudes,QNN ZZ+RealAmp,bridge,storagetank,75.0,0.09101941747572816
16,42,hybrid_zz_real_amplitudes,QNN ZZ+RealAmp,harbor,vehicle,53.0,0.04401993355481727
16,42,hybrid_zz_real_amplitudes,QNN ZZ+RealAmp,harbor,bridge,996.0,0.8272425249169435
16,42,hybrid_zz_real_amplitudes,QNN ZZ+RealAmp,harbor,harbor,0.0,0.0
16,42,hybrid_zz_real_amplitudes,QNN ZZ+RealAmp,harbor,storagetank,155.0,0.1287375415282392
16,42,hybrid_zz_real_amplitudes,QNN ZZ+RealAmp,storagetank,vehicle,1579.0,0.3350307659664757
16,42,hybrid_zz_real_amplitudes,QNN ZZ+RealAmp,storagetank,bridge,130.0,0.027583280288563546
16,42,hybrid_zz_real_amplitudes,QNN ZZ+RealAmp,storagetank,harbor,0.0,0.0
16,42,hybrid_zz_real_amplitudes,QNN ZZ+RealAmp,storagetank,storagetank,3004.0,0.6373859537449608
16,43,baseline_cnn,CNN Baseline,vehicle,vehicle,0.0,0.0
16,43,baseline_cnn,CNN Baseline,vehicle,bridge,3670.0,0.586730615507594
16,43,baseline_cnn,CNN Baseline,vehicle,harbor,0.0,0.0
16,43,baseline_cnn,CNN Baseline,vehicle,storagetank,2585.0,0.4132693844924061
16,43,baseline_cnn,CNN Baseline,bridge,vehicle,0.0,0.0
16,43,baseline_cnn,CNN Baseline,bridge,bridge,543.0,0.6589805825242718
16,43,baseline_cnn,CNN Baseline,bridge,harbor,0.0,0.0
16,43,baseline_cnn,CNN Baseline,bridge,storagetank,281.0,0.34101941747572817
16,43,baseline_cnn,CNN Baseline,harbor,vehicle,0.0,0.0
16,43,baseline_cnn,CNN Baseline,harbor,bridge,966.0,0.8023255813953488
16,43,baseline_cnn,CNN Baseline,harbor,harbor,0.0,0.0
16,43,baseline_cnn,CNN Baseline,harbor,storagetank,238.0,0.19767441860465115
16,43,baseline_cnn,CNN Baseline,storagetank,vehicle,0.0,0.0
16,43,baseline_cnn,CNN Baseline,storagetank,bridge,253.0,0.05368130702312752
16,43,baseline_cnn,CNN Baseline,storagetank,harbor,0.0,0.0
16,43,baseline_cnn,CNN Baseline,storagetank,storagetank,4460.0,0.9463186929768724
16,43,hybrid_control,Classical Control,vehicle,vehicle,0.0,0.0
16,43,hybrid_control,Classical Control,vehicle,bridge,4665.0,0.7458033573141487
16,43,hybrid_control,Classical Control,vehicle,harbor,0.0,0.0
16,43,hybrid_control,Classical Control,vehicle,storagetank,1590.0,0.2541966426858513
16,43,hybrid_control,Classical Control,bridge,vehicle,0.0,0.0
16,43,hybrid_control,Classical Control,bridge,bridge,710.0,0.8616504854368932
16,43,hybrid_control,Classical Control,bridge,harbor,0.0,0.0
16,43,hybrid_control,Classical Control,bridge,storagetank,114.0,0.1383495145631068
16,43,hybrid_control,Classical Control,harbor,vehicle,0.0,0.0
16,43,hybrid_control,Classical Control,harbor,bridge,1056.0,0.8770764119601329
16,43,hybrid_control,Classical Control,harbor,harbor,0.0,0.0
16,43,hybrid_control,Classical Control,harbor,storagetank,148.0,0.12292358803986711
16,43,hybrid_control,Classical Control,storagetank,vehicle,0.0,0.0
16,43,hybrid_control,Classical Control,storagetank,bridge,697.0,0.14788881816252916
16,43,hybrid_control,Classical Control,storagetank,harbor,0.0,0.0
16,43,hybrid_control,Classical Control,storagetank,storagetank,4016.0,0.8521111818374708
16,43,hybrid_no_entanglement,QNN No-Ent,vehicle,vehicle,354.0,0.056594724220623505
16,43,hybrid_no_entanglement,QNN No-Ent,vehicle,bridge,2309.0,0.36914468425259794
16,43,hybrid_no_entanglement,QNN No-Ent,vehicle,harbor,113.0,0.01806554756195044
16,43,hybrid_no_entanglement,QNN No-Ent,vehicle,storagetank,3479.0,0.5561950439648281
16,43,hybrid_no_entanglement,QNN No-Ent,bridge,vehicle,1.0,0.0012135922330097086
16,43,hybrid_no_entanglement,QNN No-Ent,bridge,bridge,420.0,0.5097087378640777
16,43,hybrid_no_entanglement,QNN No-Ent,bridge,harbor,66.0,0.08009708737864078
16,43,hybrid_no_entanglement,QNN No-Ent,bridge,storagetank,337.0,0.40898058252427183
16,43,hybrid_no_entanglement,QNN No-Ent,harbor,vehicle,3.0,0.0024916943521594683
16,43,hybrid_no_entanglement,QNN No-Ent,harbor,bridge,239.0,0.19850498338870431
16,43,hybrid_no_entanglement,QNN No-Ent,harbor,harbor,907.0,0.7533222591362126
16,43,hybrid_no_entanglement,QNN No-Ent,harbor,storagetank,55.0,0.04568106312292359
16,43,hybrid_no_entanglement,QNN No-Ent,storagetank,vehicle,10.0,0.0021217907914279654
16,43,hybrid_no_entanglement,QNN No-Ent,storagetank,bridge,136.0,0.028856354763420328
16,43,hybrid_no_entanglement,QNN No-Ent,storagetank,harbor,11.0,0.0023339698705707617
16,43,hybrid_no_entanglement,QNN No-Ent,storagetank,storagetank,4556.0,0.966687884574581
16,43,hybrid_zz_real_amplitudes,QNN ZZ+RealAmp,vehicle,vehicle,0.0,0.0
16,43,hybrid_zz_real_amplitudes,QNN ZZ+RealAmp,vehicle,bridge,4233.0,0.6767386091127098
16,43,hybrid_zz_real_amplitudes,QNN ZZ+RealAmp,vehicle,harbor,0.0,0.0
16,43,hybrid_zz_real_amplitudes,QNN ZZ+RealAmp,vehicle,storagetank,2022.0,0.32326139088729017
16,43,hybrid_zz_real_amplitudes,QNN ZZ+RealAmp,bridge,vehicle,0.0,0.0
16,43,hybrid_zz_real_amplitudes,QNN ZZ+RealAmp,bridge,bridge,664.0,0.8058252427184466
16,43,hybrid_zz_real_amplitudes,QNN ZZ+RealAmp,bridge,harbor,0.0,0.0
16,43,hybrid_zz_real_amplitudes,QNN ZZ+RealAmp,bridge,storagetank,160.0,0.1941747572815534
16,43,hybrid_zz_real_amplitudes,QNN ZZ+RealAmp,harbor,vehicle,0.0,0.0
16,43,hybrid_zz_real_amplitudes,QNN ZZ+RealAmp,harbor,bridge,824.0,0.6843853820598007
16,43,hybrid_zz_real_amplitudes,QNN ZZ+RealAmp,harbor,harbor,0.0,0.0
16,43,hybrid_zz_real_amplitudes,QNN ZZ+RealAmp,harbor,storagetank,380.0,0.31561461794019935
16,43,hybrid_zz_real_amplitudes,QNN ZZ+RealAmp,storagetank,vehicle,0.0,0.0
16,43,hybrid_zz_real_amplitudes,QNN ZZ+RealAmp,storagetank,bridge,578.0,0.12263950774453639
16,43,hybrid_zz_real_amplitudes,QNN ZZ+RealAmp,storagetank,harbor,0.0,0.0
16,43,hybrid_zz_real_amplitudes,QNN ZZ+RealAmp,storagetank,storagetank,4135.0,0.8773604922554636
16,44,baseline_cnn,CNN Baseline,vehicle,vehicle,2768.0,0.4425259792166267
16,44,baseline_cnn,CNN Baseline,vehicle,bridge,835.0,0.1334932054356515
16,44,baseline_cnn,CNN Baseline,vehicle,harbor,0.0,0.0
16,44,baseline_cnn,CNN Baseline,vehicle,storagetank,2652.0,0.4239808153477218
16,44,baseline_cnn,CNN Baseline,bridge,vehicle,127.0,0.154126213592233
16,44,baseline_cnn,CNN Baseline,bridge,bridge,441.0,0.5351941747572816
16,44,baseline_cnn,CNN Baseline,bridge,harbor,0.0,0.0
16,44,baseline_cnn,CNN Baseline,bridge,storagetank,256.0,0.3106796116504854
16,44,baseline_cnn,CNN Baseline,harbor,vehicle,720.0,0.5980066445182725
16,44,baseline_cnn,CNN Baseline,harbor,bridge,331.0,0.2749169435215947
16,44,baseline_cnn,CNN Baseline,harbor,harbor,0.0,0.0
16,44,baseline_cnn,CNN Baseline,harbor,storagetank,153.0,0.1270764119601329
16,44,baseline_cnn,CNN Baseline,storagetank,vehicle,98.0,0.02079354975599406
16,44,baseline_cnn,CNN Baseline,storagetank,bridge,152.0,0.03225122002970507
16,44,baseline_cnn,CNN Baseline,storagetank,harbor,0.0,0.0
16,44,baseline_cnn,CNN Baseline,storagetank,storagetank,4463.0,0.9469552302143008
16,44,hybrid_control,Classical Control,vehicle,vehicle,5113.0,0.8174260591526779
16,44,hybrid_control,Classical Control,vehicle,bridge,290.0,0.04636290967226219
16,44,hybrid_control,Classical Control,vehicle,harbor,0.0,0.0
16,44,hybrid_control,Classical Control,vehicle,storagetank,852.0,0.13621103117505995
16,44,hybrid_control,Classical Control,bridge,vehicle,692.0,0.8398058252427184
16,44,hybrid_control,Classical Control,bridge,bridge,114.0,0.1383495145631068
16,44,hybrid_control,Classical Control,bridge,harbor,0.0,0.0
16,44,hybrid_control,Classical Control,bridge,storagetank,18.0,0.021844660194174758
16,44,hybrid_control,Classical Control,harbor,vehicle,1170.0,0.9717607973421927
16,44,hybrid_control,Classical Control,harbor,bridge,15.0,0.012458471760797342
16,44,hybrid_control,Classical Control,harbor,harbor,0.0,0.0
16,44,hybrid_control,Classical Control,harbor,storagetank,19.0,0.015780730897009966
16,44,hybrid_control,Classical Control,storagetank,vehicle,1111.0,0.23573095692764692
16,44,hybrid_control,Classical Control,storagetank,bridge,563.0,0.11945682155739444
16,44,hybrid_control,Classical Control,storagetank,harbor,0.0,0.0
16,44,hybrid_control,Classical Control,storagetank,storagetank,3039.0,0.6448122215149587
16,44,hybrid_no_entanglement,QNN No-Ent,vehicle,vehicle,4293.0,0.6863309352517986
16,44,hybrid_no_entanglement,QNN No-Ent,vehicle,bridge,51.0,0.00815347721822542
16,44,hybrid_no_entanglement,QNN No-Ent,vehicle,harbor,73.0,0.01167066346922462
16,44,hybrid_no_entanglement,QNN No-Ent,vehicle,storagetank,1838.0,0.2938449240607514
16,44,hybrid_no_entanglement,QNN No-Ent,bridge,vehicle,215.0,0.2609223300970874
16,44,hybrid_no_entanglement,QNN No-Ent,bridge,bridge,210.0,0.25485436893203883
16,44,hybrid_no_entanglement,QNN No-Ent,bridge,harbor,163.0,0.19781553398058252
16,44,hybrid_no_entanglement,QNN No-Ent,bridge,storagetank,236.0,0.28640776699029125
16,44,hybrid_no_entanglement,QNN No-Ent,harbor,vehicle,109.0,0.09053156146179402
16,44,hybrid_no_entanglement,QNN No-Ent,harbor,bridge,78.0,0.06478405315614617
16,44,hybrid_no_entanglement,QNN No-Ent,harbor,harbor,999.0,0.829734219269103
16,44,hybrid_no_entanglement,QNN No-Ent,harbor,storagetank,18.0,0.014950166112956811
16,44,hybrid_no_entanglement,QNN No-Ent,storagetank,vehicle,242.0,0.05134733715255676
16,44,hybrid_no_entanglement,QNN No-Ent,storagetank,bridge,29.0,0.0061531932951410994
16,44,hybrid_no_entanglement,QNN No-Ent,storagetank,harbor,57.0,0.0120942075111394
16,44,hybrid_no_entanglement,QNN No-Ent,storagetank,storagetank,4385.0,0.9304052620411627
16,44,hybrid_zz_real_amplitudes,QNN ZZ+RealAmp,vehicle,vehicle,2819.0,0.45067945643485213
16,44,hybrid_zz_real_amplitudes,QNN ZZ+RealAmp,vehicle,bridge,1233.0,0.1971223021582734
16,44,hybrid_zz_real_amplitudes,QNN ZZ+RealAmp,vehicle,harbor,0.0,0.0
16,44,hybrid_zz_real_amplitudes,QNN ZZ+RealAmp,vehicle,storagetank,2203.0,0.3521982414068745
16,44,hybrid_zz_real_amplitudes,QNN ZZ+RealAmp,bridge,vehicle,173.0,0.2099514563106796
16,44,hybrid_zz_real_amplitudes,QNN ZZ+RealAmp,bridge,bridge,470.0,0.5703883495145631
16,44,hybrid_zz_real_amplitudes,QNN ZZ+RealAmp,bridge,harbor,0.0,0.0
16,44,hybrid_zz_real_amplitudes,QNN ZZ+RealAmp,bridge,storagetank,181.0,0.2196601941747573
16,44,hybrid_zz_real_amplitudes,QNN ZZ+RealAmp,harbor,vehicle,792.0,0.6578073089700996
16,44,hybrid_zz_real_amplitudes,QNN ZZ+RealAmp,harbor,bridge,305.0,0.25332225913621265
16,44,hybrid_zz_real_amplitudes,QNN ZZ+RealAmp,harbor,harbor,0.0,0.0
16,44,hybrid_zz_real_amplitudes,QNN ZZ+RealAmp,harbor,storagetank,107.0,0.0888704318936877
16,44,hybrid_zz_real_amplitudes,QNN ZZ+RealAmp,storagetank,vehicle,109.0,0.02312751962656482
16,44,hybrid_zz_real_amplitudes,QNN ZZ+RealAmp,storagetank,bridge,253.0,0.05368130702312752
16,44,hybrid_zz_real_amplitudes,QNN ZZ+RealAmp,storagetank,harbor,0.0,0.0
16,44,hybrid_zz_real_amplitudes,QNN ZZ+RealAmp,storagetank,storagetank,4351.0,0.9231911733503076
16,45,baseline_cnn,CNN Baseline,vehicle,vehicle,0.0,0.0
16,45,baseline_cnn,CNN Baseline,vehicle,bridge,5049.0,0.8071942446043165
16,45,baseline_cnn,CNN Baseline,vehicle,harbor,0.0,0.0
16,45,baseline_cnn,CNN Baseline,vehicle,storagetank,1206.0,0.19280575539568345
16,45,baseline_cnn,CNN Baseline,bridge,vehicle,0.0,0.0
16,45,baseline_cnn,CNN Baseline,bridge,bridge,747.0,0.9065533980582524
16,45,baseline_cnn,CNN Baseline,bridge,harbor,0.0,0.0
16,45,baseline_cnn,CNN Baseline,bridge,storagetank,77.0,0.09344660194174757
16,45,baseline_cnn,CNN Baseline,harbor,vehicle,0.0,0.0
16,45,baseline_cnn,CNN Baseline,harbor,bridge,1152.0,0.9568106312292359
16,45,baseline_cnn,CNN Baseline,harbor,harbor,0.0,0.0
16,45,baseline_cnn,CNN Baseline,harbor,storagetank,52.0,0.04318936877076412
16,45,baseline_cnn,CNN Baseline,storagetank,vehicle,0.0,0.0
16,45,baseline_cnn,CNN Baseline,storagetank,bridge,1003.0,0.21281561638022492
16,45,baseline_cnn,CNN Baseline,storagetank,harbor,0.0,0.0
16,45,baseline_cnn,CNN Baseline,storagetank,storagetank,3710.0,0.787184383619775
16,45,hybrid_control,Classical Control,vehicle,vehicle,1359.0,0.21726618705035972
16,45,hybrid_control,Classical Control,vehicle,bridge,4378.0,0.6999200639488409
16,45,hybrid_control,Classical Control,vehicle,harbor,0.0,0.0
16,45,hybrid_control,Classical Control,vehicle,storagetank,518.0,0.08281374900079937
16,45,hybrid_control,Classical Control,bridge,vehicle,144.0,0.17475728155339806
16,45,hybrid_control,Classical Control,bridge,bridge,666.0,0.808252427184466
16,45,hybrid_control,Classical Control,bridge,harbor,0.0,0.0
16,45,hybrid_control,Classical Control,bridge,storagetank,14.0,0.01699029126213592
16,45,hybrid_control,Classical Control,harbor,vehicle,216.0,0.17940199335548174
16,45,hybrid_control,Classical Control,harbor,bridge,985.0,0.8181063122923588
16,45,hybrid_control,Classical Control,harbor,harbor,0.0,0.0
16,45,hybrid_control,Classical Control,harbor,storagetank,3.0,0.0024916943521594683
16,45,hybrid_control,Classical Control,storagetank,vehicle,1768.0,0.37513261192446423
16,45,hybrid_control,Classical Control,storagetank,bridge,567.0,0.12030553787396563
16,45,hybrid_control,Classical Control,storagetank,harbor,0.0,0.0
16,45,hybrid_control,Classical Control,storagetank,storagetank,2378.0,0.5045618502015701
16,45,hybrid_no_entanglement,QNN No-Ent,vehicle,vehicle,0.0,0.0
16,45,hybrid_no_entanglement,QNN No-Ent,vehicle,bridge,4990.0,0.7977617905675459
16,45,hybrid_no_entanglement,QNN No-Ent,vehicle,harbor,0.0,0.0
16,45,hybrid_no_entanglement,QNN No-Ent,vehicle,storagetank,1265.0,0.20223820943245405
16,45,hybrid_no_entanglement,QNN No-Ent,bridge,vehicle,0.0,0.0
16,45,hybrid_no_entanglement,QNN No-Ent,bridge,bridge,737.0,0.8944174757281553
16,45,hybrid_no_entanglement,QNN No-Ent,bridge,harbor,0.0,0.0
16,45,hybrid_no_entanglement,QNN No-Ent,bridge,storagetank,87.0,0.10558252427184465
16,45,hybrid_no_entanglement,QNN No-Ent,harbor,vehicle,0.0,0.0
16,45,hybrid_no_entanglement,QNN No-Ent,harbor,bridge,1150.0,0.9551495016611296
16,45,hybrid_no_entanglement,QNN No-Ent,harbor,harbor,0.0,0.0
16,45,hybrid_no_entanglement,QNN No-Ent,harbor,storagetank,54.0,0.044850498338870434
16,45,hybrid_no_entanglement,QNN No-Ent,storagetank,vehicle,0.0,0.0
16,45,hybrid_no_entanglement,QNN No-Ent,storagetank,bridge,888.0,0.1884150222788033
16,45,hybrid_no_entanglement,QNN No-Ent,storagetank,harbor,0.0,0.0
16,45,hybrid_no_entanglement,QNN No-Ent,storagetank,storagetank,3825.0,0.8115849777211966
16,45,hybrid_zz_real_amplitudes,QNN ZZ+RealAmp,vehicle,vehicle,0.0,0.0
16,45,hybrid_zz_real_amplitudes,QNN ZZ+RealAmp,vehicle,bridge,5627.0,0.8996003197442046
16,45,hybrid_zz_real_amplitudes,QNN ZZ+RealAmp,vehicle,harbor,0.0,0.0
16,45,hybrid_zz_real_amplitudes,QNN ZZ+RealAmp,vehicle,storagetank,628.0,0.10039968025579536
16,45,hybrid_zz_real_amplitudes,QNN ZZ+RealAmp,bridge,vehicle,0.0,0.0
16,45,hybrid_zz_real_amplitudes,QNN ZZ+RealAmp,bridge,bridge,807.0,0.9793689320388349
16,45,hybrid_zz_real_amplitudes,QNN ZZ+RealAmp,bridge,harbor,0.0,0.0
16,45,hybrid_zz_real_amplitudes,QNN ZZ+RealAmp,bridge,storagetank,17.0,0.02063106796116505
16,45,hybrid_zz_real_amplitudes,QNN ZZ+RealAmp,harbor,vehicle,0.0,0.0
16,45,hybrid_zz_real_amplitudes,QNN ZZ+RealAmp,harbor,bridge,1193.0,0.9908637873754153
16,45,hybrid_zz_real_amplitudes,QNN ZZ+RealAmp,harbor,harbor,0.0,0.0
16,45,hybrid_zz_real_amplitudes,QNN ZZ+RealAmp,harbor,storagetank,11.0,0.009136212624584718
16,45,hybrid_zz_real_amplitudes,QNN ZZ+RealAmp,storagetank,vehicle,0.0,0.0
16,45,hybrid_zz_real_amplitudes,QNN ZZ+RealAmp,storagetank,bridge,2097.0,0.4449395289624443
16,45,hybrid_zz_real_amplitudes,QNN ZZ+RealAmp,storagetank,harbor,0.0,0.0
16,45,hybrid_zz_real_amplitudes,QNN ZZ+RealAmp,storagetank,storagetank,2616.0,0.5550604710375557
16,46,baseline_cnn,CNN Baseline,vehicle,vehicle,4152.0,0.6637889688249401
16,46,baseline_cnn,CNN Baseline,vehicle,bridge,1996.0,0.31910471622701836
16,46,baseline_cnn,CNN Baseline,vehicle,harbor,0.0,0.0
16,46,baseline_cnn,CNN Baseline,vehicle,storagetank,107.0,0.017106314948041566
16,46,baseline_cnn,CNN Baseline,bridge,vehicle,353.0,0.42839805825242716
16,46,baseline_cnn,CNN Baseline,bridge,bridge,471.0,0.5716019417475728
16,46,baseline_cnn,CNN Baseline,bridge,harbor,0.0,0.0
16,46,baseline_cnn,CNN Baseline,bridge,storagetank,0.0,0.0
16,46,baseline_cnn,CNN Baseline,harbor,vehicle,615.0,0.510797342192691
16,46,baseline_cnn,CNN Baseline,harbor,bridge,589.0,0.489202657807309
16,46,baseline_cnn,CNN Baseline,harbor,harbor,0.0,0.0
16,46,baseline_cnn,CNN Baseline,harbor,storagetank,0.0,0.0
16,46,baseline_cnn,CNN Baseline,storagetank,vehicle,3414.0,0.7243793761935073
16,46,baseline_cnn,CNN Baseline,storagetank,bridge,609.0,0.12921705919796309
16,46,baseline_cnn,CNN Baseline,storagetank,harbor,0.0,0.0
16,46,baseline_cnn,CNN Baseline,storagetank,storagetank,690.0,0.1464035646085296
16,46,hybrid_control,Classical Control,vehicle,vehicle,3624.0,0.5793764988009592
16,46,hybrid_control,Classical Control,vehicle,bridge,968.0,0.15475619504396482
16,46,hybrid_control,Classical Control,vehicle,harbor,1.0,0.0001598721023181455
16,46,hybrid_control,Classical Control,vehicle,storagetank,1662.0,0.2657074340527578
16,46,hybrid_control,Classical Control,bridge,vehicle,392.0,0.47572815533980584
16,46,hybrid_control,Classical Control,bridge,bridge,318.0,0.3859223300970874
16,46,hybrid_control,Classical Control,bridge,harbor,12.0,0.014563106796116505
16,46,hybrid_control,Classical Control,bridge,storagetank,102.0,0.12378640776699029
16,46,hybrid_control,Classical Control,harbor,vehicle,82.0,0.0681063122923588
16,46,hybrid_control,Classical Control,harbor,bridge,405.0,0.33637873754152825
16,46,hybrid_control,Classical Control,harbor,harbor,671.0,0.5573089700996677
16,46,hybrid_control,Classical Control,harbor,storagetank,46.0,0.03820598006644518
16,46,hybrid_control,Classical Control,storagetank,vehicle,575.0,0.122002970507108
16,46,hybrid_control,Classical Control,storagetank,bridge,77.0,0.01633778909399533
16,46,hybrid_control,Classical Control,storagetank,harbor,1.0,0.0002121790791427965
16,46,hybrid_control,Classical Control,storagetank,storagetank,4060.0,0.8614470613197539
16,46,hybrid_no_entanglement,QNN No-Ent,vehicle,vehicle,3754.0,0.6001598721023181
16,46,hybrid_no_entanglement,QNN No-Ent,vehicle,bridge,778.0,0.12438049560351719
16,46,hybrid_no_entanglement,QNN No-Ent,vehicle,harbor,222.0,0.035491606714628296
16,46,hybrid_no_entanglement,QNN No-Ent,vehicle,storagetank,1501.0,0.23996802557953636
16,46,hybrid_no_entanglement,QNN No-Ent,bridge,vehicle,436.0,0.529126213592233
16,46,hybrid_no_entanglement,QNN No-Ent,bridge,bridge,135.0,0.1638349514563107
16,46,hybrid_no_entanglement,QNN No-Ent,bridge,harbor,161.0,0.1953883495145631
16,46,hybrid_no_entanglement,QNN No-Ent,bridge,storagetank,92.0,0.11165048543689321
16,46,hybrid_no_entanglement,QNN No-Ent,harbor,vehicle,91.0,0.0755813953488372
16,46,hybrid_no_entanglement,QNN No-Ent,harbor,bridge,90.0,0.07475083056478406
16,46,hybrid_no_entanglement,QNN No-Ent,harbor,harbor,1003.0,0.8330564784053156
16,46,hybrid_no_entanglement,QNN No-Ent,harbor,storagetank,20.0,0.016611295681063124
16,46,hybrid_no_entanglement,QNN No-Ent,storagetank,vehicle,514.0,0.10906004667939741
16,46,hybrid_no_entanglement,QNN No-Ent,storagetank,bridge,112.0,0.02376405686399321
16,46,hybrid_no_entanglement,QNN No-Ent,storagetank,harbor,46.0,0.00976023764056864
16,46,hybrid_no_entanglement,QNN No-Ent,storagetank,storagetank,4041.0,0.8574156588160408
16,46,hybrid_zz_real_amplitudes,QNN ZZ+RealAmp,vehicle,vehicle,1565.0,0.2501998401278977
16,46,hybrid_zz_real_amplitudes,QNN ZZ+RealAmp,vehicle,bridge,3305.0,0.5283772981614708
16,46,hybrid_zz_real_amplitudes,QNN ZZ+RealAmp,vehicle,harbor,149.0,0.023820943245403677
16,46,hybrid_zz_real_amplitudes,QNN ZZ+RealAmp,vehicle,storagetank,1236.0,0.19760191846522782
16,46,hybrid_zz_real_amplitudes,QNN ZZ+RealAmp,bridge,vehicle,124.0,0.15048543689320387
16,46,hybrid_zz_real_amplitudes,QNN ZZ+RealAmp,bridge,bridge,483.0,0.5861650485436893
16,46,hybrid_zz_real_amplitudes,QNN ZZ+RealAmp,bridge,harbor,139.0,0.16868932038834952
16,46,hybrid_zz_real_amplitudes,QNN ZZ+RealAmp,bridge,storagetank,78.0,0.09466019417475728
16,46,hybrid_zz_real_amplitudes,QNN ZZ+RealAmp,harbor,vehicle,20.0,0.016611295681063124
16,46,hybrid_zz_real_amplitudes,QNN ZZ+RealAmp,harbor,bridge,174.0,0.14451827242524917
16,46,hybrid_zz_real_amplitudes,QNN ZZ+RealAmp,harbor,harbor,992.0,0.8239202657807309
16,46,hybrid_zz_real_amplitudes,QNN ZZ+RealAmp,harbor,storagetank,18.0,0.014950166112956811
16,46,hybrid_zz_real_amplitudes,QNN ZZ+RealAmp,storagetank,vehicle,298.0,0.06322936558455336
16,46,hybrid_zz_real_amplitudes,QNN ZZ+RealAmp,storagetank,bridge,425.0,0.09017610863568852
16,46,hybrid_zz_real_amplitudes,QNN ZZ+RealAmp,storagetank,harbor,31.0,0.006577551453426692
16,46,hybrid_zz_real_amplitudes,QNN ZZ+RealAmp,storagetank,storagetank,3959.0,0.8400169743263314
16,47,baseline_cnn,CNN Baseline,vehicle,vehicle,5157.0,0.8244604316546763
16,47,baseline_cnn,CNN Baseline,vehicle,bridge,0.0,0.0
16,47,baseline_cnn,CNN Baseline,vehicle,harbor,0.0,0.0
16,47,baseline_cnn,CNN Baseline,vehicle,storagetank,1098.0,0.17553956834532375
16,47,baseline_cnn,CNN Baseline,bridge,vehicle,722.0,0.8762135922330098
16,47,baseline_cnn,CNN Baseline,bridge,bridge,0.0,0.0
16,47,baseline_cnn,CNN Baseline,bridge,harbor,0.0,0.0
16,47,baseline_cnn,CNN Baseline,bridge,storagetank,102.0,0.12378640776699029
16,47,baseline_cnn,CNN Baseline,harbor,vehicle,1170.0,0.9717607973421927
16,47,baseline_cnn,CNN Baseline,harbor,bridge,0.0,0.0
16,47,baseline_cnn,CNN Baseline,harbor,harbor,0.0,0.0
16,47,baseline_cnn,CNN Baseline,harbor,storagetank,34.0,0.02823920265780731
16,47,baseline_cnn,CNN Baseline,storagetank,vehicle,852.0,0.18077657542966263
16,47,baseline_cnn,CNN Baseline,storagetank,bridge,0.0,0.0
16,47,baseline_cnn,CNN Baseline,storagetank,harbor,0.0,0.0
16,47,baseline_cnn,CNN Baseline,storagetank,storagetank,3861.0,0.8192234245703374
16,47,hybrid_control,Classical Control,vehicle,vehicle,3494.0,0.5585931254996003
16,47,hybrid_control,Classical Control,vehicle,bridge,308.0,0.04924060751398881
16,47,hybrid_control,Classical Control,vehicle,harbor,21.0,0.003357314148681055
16,47,hybrid_control,Classical Control,vehicle,storagetank,2432.0,0.3888089528377298
16,47,hybrid_control,Classical Control,bridge,vehicle,309.0,0.375
16,47,hybrid_control,Classical Control,bridge,bridge,178.0,0.21601941747572814
16,47,hybrid_control,Classical Control,bridge,harbor,117.0,0.14199029126213591
16,47,hybrid_control,Classical Control,bridge,storagetank,220.0,0.2669902912621359
16,47,hybrid_control,Classical Control,harbor,vehicle,190.0,0.15780730897009967
16,47,hybrid_control,Classical Control,harbor,bridge,70.0,0.05813953488372093
16,47,hybrid_control,Classical Control,harbor,harbor,916.0,0.760797342192691
16,47,hybrid_control,Classical Control,harbor,storagetank,28.0,0.023255813953488372
16,47,hybrid_control,Classical Control,storagetank,vehicle,211.0,0.044769785699130066
16,47,hybrid_control,Classical Control,storagetank,bridge,48.0,0.010184595798854232
16,47,hybrid_control,Classical Control,storagetank,harbor,21.0,0.004455760661998727
16,47,hybrid_control,Classical Control,storagetank,storagetank,4433.0,0.940589857840017
16,47,hybrid_no_entanglement,QNN No-Ent,vehicle,vehicle,4635.0,0.7410071942446043
16,47,hybrid_no_entanglement,QNN No-Ent,vehicle,bridge,0.0,0.0
16,47,hybrid_no_entanglement,QNN No-Ent,vehicle,harbor,338.0,0.05403677058353317
16,47,hybrid_no_entanglement,QNN No-Ent,vehicle,storagetank,1282.0,0.2049560351718625
16,47,hybrid_no_entanglement,QNN No-Ent,bridge,vehicle,415.0,0.5036407766990292
16,47,hybrid_no_entanglement,QNN No-Ent,bridge,bridge,0.0,0.0
16,47,hybrid_no_entanglement,QNN No-Ent,bridge,harbor,286.0,0.3470873786407767
16,47,hybrid_no_entanglement,QNN No-Ent,bridge,storagetank,123.0,0.14927184466019416
16,47,hybrid_no_entanglement,QNN No-Ent,harbor,vehicle,523.0,0.43438538205980065
16,47,hybrid_no_entanglement,QNN No-Ent,harbor,bridge,0.0,0.0
16,47,hybrid_no_entanglement,QNN No-Ent,harbor,harbor,641.0,0.532392026578073
16,47,hybrid_no_entanglement,QNN No-Ent,harbor,storagetank,40.0,0.03322259136212625
16,47,hybrid_no_entanglement,QNN No-Ent,storagetank,vehicle,588.0,0.12476129853596435
16,47,hybrid_no_entanglement,QNN No-Ent,storagetank,bridge,0.0,0.0
16,47,hybrid_no_entanglement,QNN No-Ent,storagetank,harbor,64.0,0.013579461065138977
16,47,hybrid_no_entanglement,QNN No-Ent,storagetank,storagetank,4061.0,0.8616592403988966
16,47,hybrid_zz_real_amplitudes,QNN ZZ+RealAmp,vehicle,vehicle,3892.0,0.6222222222222222
16,47,hybrid_zz_real_amplitudes,QNN ZZ+RealAmp,vehicle,bridge,670.0,0.10711430855315747
16,47,hybrid_zz_real_amplitudes,QNN ZZ+RealAmp,vehicle,harbor,8.0,0.001278976818545164
16,47,hybrid_zz_real_amplitudes,QNN ZZ+RealAmp,vehicle,storagetank,1685.0,0.26938449240607515
16,47,hybrid_zz_real_amplitudes,QNN ZZ+RealAmp,bridge,vehicle,311.0,0.3774271844660194
16,47,hybrid_zz_real_amplitudes,QNN ZZ+RealAmp,bridge,bridge,241.0,0.2924757281553398
16,47,hybrid_zz_real_amplitudes,QNN ZZ+RealAmp,bridge,harbor,94.0,0.11407766990291263
16,47,hybrid_zz_real_amplitudes,QNN ZZ+RealAmp,bridge,storagetank,178.0,0.21601941747572814
16,47,hybrid_zz_real_amplitudes,QNN ZZ+RealAmp,harbor,vehicle,277.0,0.23006644518272426
16,47,hybrid_zz_real_amplitudes,QNN ZZ+RealAmp,harbor,bridge,90.0,0.07475083056478406
16,47,hybrid_zz_real_amplitudes,QNN ZZ+RealAmp,harbor,harbor,814.0,0.6760797342192691
16,47,hybrid_zz_real_amplitudes,QNN ZZ+RealAmp,harbor,storagetank,23.0,0.01910299003322259
16,47,hybrid_zz_real_amplitudes,QNN ZZ+RealAmp,storagetank,vehicle,277.0,0.05877360492255464
16,47,hybrid_zz_real_amplitudes,QNN ZZ+RealAmp,storagetank,bridge,104.0,0.02206662423085084
16,47,hybrid_zz_real_amplitudes,QNN ZZ+RealAmp,storagetank,harbor,13.0,0.002758328028856355
16,47,hybrid_zz_real_amplitudes,QNN ZZ+RealAmp,storagetank,storagetank,4319.0,0.9164014428177382
16,48,baseline_cnn,CNN Baseline,vehicle,vehicle,0.0,0.0
16,48,baseline_cnn,CNN Baseline,vehicle,bridge,5055.0,0.8081534772182254
16,48,baseline_cnn,CNN Baseline,vehicle,harbor,0.0,0.0
16,48,baseline_cnn,CNN Baseline,vehicle,storagetank,1200.0,0.19184652278177458
16,48,baseline_cnn,CNN Baseline,bridge,vehicle,0.0,0.0
16,48,baseline_cnn,CNN Baseline,bridge,bridge,757.0,0.9186893203883495
16,48,baseline_cnn,CNN Baseline,bridge,harbor,0.0,0.0
16,48,baseline_cnn,CNN Baseline,bridge,storagetank,67.0,0.08131067961165049
16,48,baseline_cnn,CNN Baseline,harbor,vehicle,0.0,0.0
16,48,baseline_cnn,CNN Baseline,harbor,bridge,1141.0,0.9476744186046512
16,48,baseline_cnn,CNN Baseline,harbor,harbor,0.0,0.0
16,48,baseline_cnn,CNN Baseline,harbor,storagetank,63.0,0.05232558139534884
16,48,baseline_cnn,CNN Baseline,storagetank,vehicle,0.0,0.0
16,48,baseline_cnn,CNN Baseline,storagetank,bridge,1017.0,0.21578612348822407
16,48,baseline_cnn,CNN Baseline,storagetank,harbor,0.0,0.0
16,48,baseline_cnn,CNN Baseline,storagetank,storagetank,3696.0,0.784213876511776
16,48,hybrid_control,Classical Control,vehicle,vehicle,3277.0,0.5239008792965627
16,48,hybrid_control,Classical Control,vehicle,bridge,1312.0,0.20975219824140687
16,48,hybrid_control,Classical Control,vehicle,harbor,55.0,0.008792965627498001
16,48,hybrid_control,Classical Control,vehicle,storagetank,1611.0,0.25755395683453236
16,48,hybrid_control,Classical Control,bridge,vehicle,260.0,0.3155339805825243
16,48,hybrid_control,Classical Control,bridge,bridge,444.0,0.5388349514563107
16,48,hybrid_control,Classical Control,bridge,harbor,35.0,0.04247572815533981
16,48,hybrid_control,Classical Control,bridge,storagetank,85.0,0.10315533980582524
16,48,hybrid_control,Classical Control,harbor,vehicle,142.0,0.11794019933554817
16,48,hybrid_control,Classical Control,harbor,bridge,203.0,0.1686046511627907
16,48,hybrid_control,Classical Control,harbor,harbor,783.0,0.6503322259136213
16,48,hybrid_control,Classical Control,harbor,storagetank,76.0,0.06312292358803986
16,48,hybrid_control,Classical Control,storagetank,vehicle,576.0,0.12221514958625079
16,48,hybrid_control,Classical Control,storagetank,bridge,270.0,0.05728835136855506
16,48,hybrid_control,Classical Control,storagetank,harbor,4.0,0.000848716316571186
16,48,hybrid_control,Classical Control,storagetank,storagetank,3863.0,0.8196477827286229
16,48,hybrid_no_entanglement,QNN No-Ent,vehicle,vehicle,2713.0,0.4337330135891287
16,48,hybrid_no_entanglement,QNN No-Ent,vehicle,bridge,1999.0,0.31958433253397284
16,48,hybrid_no_entanglement,QNN No-Ent,vehicle,harbor,55.0,0.008792965627498001
16,48,hybrid_no_entanglement,QNN No-Ent,vehicle,storagetank,1488.0,0.2378896882494005
16,48,hybrid_no_entanglement,QNN No-Ent,bridge,vehicle,195.0,0.2366504854368932
16,48,hybrid_no_entanglement,QNN No-Ent,bridge,bridge,481.0,0.5837378640776699
16,48,hybrid_no_entanglement,QNN No-Ent,bridge,harbor,86.0,0.10436893203883495
16,48,hybrid_no_entanglement,QNN No-Ent,bridge,storagetank,62.0,0.07524271844660194
16,48,hybrid_no_entanglement,QNN No-Ent,harbor,vehicle,105.0,0.0872093023255814
16,48,hybrid_no_entanglement,QNN No-Ent,harbor,bridge,159.0,0.13205980066445183
16,48,hybrid_no_entanglement,QNN No-Ent,harbor,harbor,911.0,0.7566445182724253
16,48,hybrid_no_entanglement,QNN No-Ent,harbor,storagetank,29.0,0.02408637873754153
16,48,hybrid_no_entanglement,QNN No-Ent,storagetank,vehicle,558.0,0.11839592616168046
16,48,hybrid_no_entanglement,QNN No-Ent,storagetank,bridge,254.0,0.053893486102270315
16,48,hybrid_no_entanglement,QNN No-Ent,storagetank,harbor,11.0,0.0023339698705707617
16,48,hybrid_no_entanglement,QNN No-Ent,storagetank,storagetank,3890.0,0.8253766178654784
16,48,hybrid_zz_real_amplitudes,QNN ZZ+RealAmp,vehicle,vehicle,1572.0,0.2513189448441247
16,48,hybrid_zz_real_amplitudes,QNN ZZ+RealAmp,vehicle,bridge,3072.0,0.49112709832134294
16,48,hybrid_zz_real_amplitudes,QNN ZZ+RealAmp,vehicle,harbor,55.0,0.008792965627498001
16,48,hybrid_zz_real_amplitudes,QNN ZZ+RealAmp,vehicle,storagetank,1556.0,0.24876099120703438
16,48,hybrid_zz_real_amplitudes,QNN ZZ+RealAmp,bridge,vehicle,112.0,0.13592233009708737
16,48,hybrid_zz_real_amplitudes,QNN ZZ+RealAmp,bridge,bridge,561.0,0.6808252427184466
16,48,hybrid_zz_real_amplitudes,QNN ZZ+RealAmp,bridge,harbor,84.0,0.10194174757281553
16,48,hybrid_zz_real_amplitudes,QNN ZZ+RealAmp,bridge,storagetank,67.0,0.08131067961165049
16,48,hybrid_zz_real_amplitudes,QNN ZZ+RealAmp,harbor,vehicle,66.0,0.054817275747508304
16,48,hybrid_zz_real_amplitudes,QNN ZZ+RealAmp,harbor,bridge,218.0,0.18106312292358803
16,48,hybrid_zz_real_amplitudes,QNN ZZ+RealAmp,harbor,harbor,889.0,0.7383720930232558
16,48,hybrid_zz_real_amplitudes,QNN ZZ+RealAmp,harbor,storagetank,31.0,0.02574750830564784
16,48,hybrid_zz_real_amplitudes,QNN ZZ+RealAmp,storagetank,vehicle,466.0,0.09887545088054318
16,48,hybrid_zz_real_amplitudes,QNN ZZ+RealAmp,storagetank,bridge,318.0,0.0674729471674093
16,48,hybrid_zz_real_amplitudes,QNN ZZ+RealAmp,storagetank,harbor,10.0,0.0021217907914279654
16,48,hybrid_zz_real_amplitudes,QNN ZZ+RealAmp,storagetank,storagetank,3919.0,0.8315298111606195
